Workbook

Sheet README
A1: Travidz — Market Research v11 (TAM / SAM / SOM · Global)
A2: Reconciled to Travidz_Financial_Model_v6.xlsx and Travidz_Elevator_Pitch_v6
A4: WHAT CHANGED vs v10
A5: UK TAM | B5: £89.75B → £87.56B (matches v6 model: 178.7M × £490)
A6: UK SAM | B6: £23.20B → £25.22B (28.8% of UK TAM, not 26%)
A7: UK+EU-5 TAM | B7: £345.14B → £342.37B (EU-5 multiplier 2.91×)
A8: Y5 UK Base SOM (GBV) | B8: £350M → £444M (24k creators × £18.5k GBV)
A9: Y5 UK Base Net Revenue | B9: £14M (8% pool) → £20.8M (11% gross, Stripe shared, tiered split)
A10: Commission framing | B10: '8% pool' → 11% gross commission; Stripe 2.9% + £0.20 shared off the top; tiered 50/50/50/40/30 split
A11: Avg basket value | B11: £350 → £490 (v6 blended £/trip)
A12: Seed round | B12: £2.0M → £2.5M SAFE (per elevator pitch); next: Series A at £18M ARR run-rate
A13: Global TAM headline | B13: £675B (UNWTO/WTTC, matches pitch headline)
A14: Y5 blended take rate | B14: ≈4.65% net to Travidz (after Stripe + tier split)
A16: COMMISSION FRAMEWORK (locked to v6)
A17: Gross commission | B17: 11.0% charged to operator on GBV
A18: Stripe variable | B18: 2.9% — shared off the top before tier split
A19: Stripe fixed | B19: £0.20 per transaction — shared off the top
A20: Net pool split | B20: Founding 50/50 · Power 50/50 · New 50/50 · Maturing 60/40 · Mature 70/30 (Travidz/Creator)
A22: COLOUR KEY
A23: Blue | B23: Hardcoded input
A24: Black | B24: Formula
A25: Green | B25: Cross-sheet link
A26: Yellow fill | B26: Key assumption — flex first

Sheet Inputs
A1: v6 Inputs — single source of truth
A3: UK leisure trips / yr | B3: 178700000 | C3: ONS Travel Trends 2023 + VisitBritain GB Tourist 2023 [S1,S2]
A4: Avg booking value (£) | B4: 490 | C4: Blended £/trip — v6 Assumptions [S9]
A5: Bookings per traveller (UK) | B5: 1 | C5: Attach rate — v6 Assumptions
A6: EU-5 expansion multiplier | B6: 2.91 | C6: EU-5 TAM = 2.91× UK TAM (Eurostat 2023 [S3])
A7: SAM % | B7: 0.288 | C7: 36% creator-influenced (GWI [S6]) × 80% bookable (Phocuswright [S9])
A8: Bookings per traveller (Global) | B8: 1.5 | C8: Global Viral blend — v6 GLOBAL_REGIONS
A9: Global SAM % | B9: 0.26 | C9: Global creator-influenced × bookable blend [S6,S9]
A10: Gross commission % | B10: 0.11 | C10: v6 commercial — 11% on GBV
A11: Stripe variable % | B11: 0.029 | C11: Stripe UK card blended [S-Stripe]
A12: Stripe fixed per txn (£) | B12: 0.2 | C12: Stripe per-txn
A13: Founding share of net pool | B13: 0.5 | C13: v6 tier split
A14: Power share of net pool | B14: 0.5 | C14: v6 tier split
... A21: Global SAM headline (£) | B21: 175000000000 | C21: 26% of Global TAM

Sheet TAM
A1: TAM — UK · UK+EU-5 · Global
A3: UK leisure trips / yr | B3: =Inputs!$B$3
A4: × Avg booking value | B4: =Inputs!$B$4
A5: × Bookings per traveller | B5: =Inputs!$B$5
A6: UK TAM (£) | B6: =B3*B4*B5
A7: EU-5 multiplier | B7: =Inputs!$B$6
A8: EU-5 TAM (£) | B8: =B6*B7
A9: UK + EU-5 TAM (£) | B9: =B6+B8
A10: Global TAM (£) — headline | B10: =Inputs!$B$20

Sheet SAM
A1: SAM — 28.8% creator-influenced × bookable
A3: UK TAM (£) | B3: =TAM!B6
A4: × SAM % (UK) | B4: =Inputs!$B$7
A5: UK SAM (£) | B5: =B3*B4
A6: UK + EU-5 TAM (£) | B6: =TAM!B9
A7: × SAM % | B7: =Inputs!$B$7
A8: UK + EU-5 SAM (£) | B8: =B6*B7
A9: Global TAM (£) | B9: =TAM!B10
A10: × Global SAM % | B10: =Inputs!$B$9
A11: Global SAM (£) — headline | B11: =Inputs!$B$21

Sheet SOM_UK_Base
A1: SOM — UK Base (v6 bottom-up)
A3: Metric | B3: Y1 | C3: Y2 | D3: Y3 | E3: Y4 | F3: Y5
A4: Active creators (EOY) | B4: 500 | C4: 2400 | D4: 6800 | E4: 14000 | F4: 24000
A5: GBV / creator (£) | B5: =Inputs!$B$18 | C5: =Inputs!$B$18 | D5: =Inputs!$B$18 | E5: =Inputs!$B$18 | F5: =Inputs!$B$18
A6: GBV (£) | B6: =B4*B5 | C6: =C4*C5 | D6: =D4*D5 | E6: =E4*E5 | F6: =F4*F5
A8: Tier mix (% of creator-driven GBV)
A9: founding | B9: 1 | C9: 0.45 | D9: 0.22 | E9: 0.12 | F9: 0.08
A10: power | B10: 0 | C10: 0.05 | D10: 0.18 | E10: 0.28 | F10: 0.34
A11: mature | B11: 0 | C11: 0 | D11: 0.1 | E11: 0.25 | F11: 0.32
A12: maturing | B12: 0 | C12: 0.15 | D12: 0.3 | E12: 0.25 | F12: 0.18
A13: new | B13: 0 | C13: 0.35 | D13: 0.2 | E13: 0.1 | F13: 0.08
A14: Sum check | B14: =SUM(B9:B13) | C14: =SUM(C9:C13) | D14: =SUM(D9:D13) | E14: =SUM(E9:E13) | F14: =SUM(F9:F13)
A16: Commission walk
A17: Gross commission (11% × GBV) | B17: =B6*Inputs!$B$10 | C17: =C6*Inputs!$B$10 | D17: =D6*Inputs!$B$10 | E17: =E6*Inputs!$B$10 | F17: =F6*Inputs!$B$10
A18: Less: Stripe variable (2.9% × GBV) | B18: =-B6*Inputs!$B$11 | C18: =-C6*Inputs!$B$11 | D18: =-D6*Inputs!$B$11 | E18: =-E6*Inputs!$B$11 | F18: =-F6*Inputs!$B$11
A19: Less: Stripe fixed (£0.20 × txns) | B19: =-(B6/Inputs!$B$4)*Inputs!$B$12 | C19: =-(C6/Inputs!$B$4)*Inputs!$B$12 | D19: =-(D6/Inputs!$B$4)*Inputs!$B$12 | E19: =-(E6/Inputs!$B$4)*Inputs!$B$12 | F19: =-(F6/Inputs!$B$4)*Inputs!$B$12
A20: Net pool (post-Stripe) | B20: =SUM(B17:B19) | C20: =SUM(C17:C19) | D20: =SUM(D17:D19) | E20: =SUM(E17:E19) | F20: =SUM(F17:F19)
A21: Travidz keep % of net pool | B21: =B9*0.5+B10*0.5+B13*0.5+B12*0.6+B11*0.7 | C21: =C9*0.5+C10*0.5+C13*0.5+C12*0.6+C11*0.7 | D21: =D9*0.5+D10*0.5+D13*0.5+D12*0.6+D11*0.7 | E21: =E9*0.5+E10*0.5+E13*0.5+E12*0.6+E11*0.7 | F21: =F9*0.5+F10*0.5+F13*0.5+F12*0.6+F11*0.7
A22: Travidz net revenue (£) | B22: =B20*B21 | C22: =C20*C21 | D22: =D20*D21 | E22: =E20*E21 | F22: =F20*F21
A23: Blended take rate (Net / GBV) | B23: =B22/B6 | C23: =C22/C6 | D23: =D22/D6 | E23: =E22/E6 | F23: =F22/F6

Sheet SOM_Global_Viral
A1: SOM — Global Viral upside
A3: Metric | B3: Y1 | C3: Y2 | D3: Y3 | E3: Y4 | F3: Y5
A4: Active creators (EOY) | B4: 1500 | C4: 9000 | D4: 32000 | E4: 70000 | F4: 120000
A5: GBV / creator (£) — global blend | B5: 11000 | C5: 11000 | D5: 11000 | E5: 11000 | F5: 11000
A6: GBV (£) | B6: =B4*B5 | C6: =C4*C5 | D6: =D4*D5 | E6: =E4*E5 | F6: =F4*F5
A7: Travidz net (≈4.68% blended take) | B7: =B6*0.0468 | C7: =C6*0.0468 | D7: =D6*0.0468 | E7: =E6*0.0468 | F7: =F6*0.0468

Sheet Scenarios
A1: Scenarios — Bear / Base / Bull (mirrors v6 model)
A3: Scenario | B3: Y1 | C3: Y2 | D3: Y3 | E3: Y4 | F3: Y5 | G3: GBV/creator (£) | H3: ABV (£)
A4: Bear | B4: 300 | C4: 1200 | D4: 3200 | E4: 6500 | F4: 11000 | G4: 14000 | H4: 490
A5: Base | B5: 500 | C5: 2400 | D5: 6800 | E5: 14000 | F5: 24000 | G5: 18500 | H5: 490
A6: Bull | B6: 700 | C6: 3400 | D6: 9800 | E6: 20000 | F6: 34000 | G6: 22500 | H6: 560
B7: Bear | C7: Base | D7: Bull
A8: Y5 GBV (£) — calc | B8: =F4*G4 | C8: =F5*G5 | D8: =F6*G6
A9: Y5 Net rev (£) — at 4.68% blended | B9: =B8*0.0468 | C9: =C8*0.0468 | D9: =D8*0.0468

Sheet Executive_Summary
A1: Executive Summary — v6-aligned
A3: Layer | B3: UK | C3: UK + EU-5 | D3: Global
A4: TAM (£) | B4: =TAM!B6 | C4: =TAM!B9 | D4: =TAM!B10
A5: SAM (£) | B5: =SAM!B5 | C5: =SAM!B8 | D5: =SAM!B11
A7: Y5 SOM — UK Base GBV | B7: =SOM_UK_Base!F6
A8: Y5 SOM — UK Base Net Revenue | B8: =SOM_UK_Base!F22
A9: Y5 SOM — Global Viral GBV | B9: =SOM_Global_Viral!F6
A10: Y5 SOM — Global Viral Net Revenue | B10: =SOM_Global_Viral!F7
A11: Y5 blended take rate (UK Base) | B11: =SOM_UK_Base!F23
A13: TOP 5 PITCH-READY STATS
A14: £675B Global TAM · £342B UK+EU-5 · £87.6B UK leisure travel (ONS, VisitBritain, Eurostat, UNWTO, WTTC)
A15: 78% of Gen Z/M start travel planning on social media — Expedia Path-to-Purchase 2023
A16: Creator-influenced travel spend $1.3T globally by 2027 — Skift Megatrends 2024
A17: 11% gross commission · ~4.65% Y5 blended net take after Stripe + tiered creator split
A18: Y5 SOM range £444M (UK Base) → £1.32B (Global Viral) — both <1% of Global SAM
A20: FUNDING & RUNWAY
A21: Round | B21: Amount | C21: Trigger | D21: Use
A22: Seed (SAFE) | B22: 2500000 | C22: Now | D22: UK eng & growth, founding-5,000 incentives, 18-mo runway
A23: Series A | B23: 18000000 | C23: At £18M ARR run-rate | D23: EU-5 expansion, paid UA scale, supply ops
A24: Series B | B24: 40000000 | C24: M44+ | D24: US entry, partnerships, supply-side ops

Sheet Reconciliation_to_v6
A1: Reconciliation — Workbook vs v6 Financial Model
A3: Metric | B3: Workbook | C3: v6 Model | D3: Delta
A4: UK TAM (£) | B4: =TAM!B6 | C4: 87563000000 | D4: =B4-C4
A5: UK+EU-5 TAM (£) | B5: =TAM!B9 | C5: 342371330000 | D5: =B5-C5
A6: UK SAM (£) | B6: =SAM!B5 | C6: 25218144000 | D6: =B6-C6
A7: UK+EU-5 SAM (£) | B7: =SAM!B8 | C7: 98602943040 | D7: =B7-C7
A8: Y5 UK GBV (£) | B8: =SOM_UK_Base!F6 | C8: 444000000 | D8: =B8-C8
A9: Y5 Global Viral GBV (£) | B9: =SOM_Global_Viral!F6 | C9: 1322400000 | D9: =B9-C9

Sheet Sources
A1: Sources
A3: S1 | B3: ONS Travel Trends 2023 — UK outbound leisure trips
A4: S2 | B4: VisitBritain GB Tourist 2023 — UK domestic leisure trips
A5: S3 | B5: Eurostat Tourism Statistics 2023 — EU-5 outbound + domestic
A6: S4 | B6: UNWTO World Tourism Barometer 2024 — Global international arrivals & receipts
A7: S5 | B7: WTTC Economic Impact Report 2024 — Leisure travel spend
A8: S6 | B8: GWI Travel 2024 — 36% of travellers cite social/creators as primary trip inspiration
A9: S9 | B9: Phocuswright Global Online Travel Overview 2024 — Bookable mix, blended ABV
A10: S-Stripe | B10: Stripe UK pricing — 2.9% + £0.20 per card transaction
A11: S21 | B11: Bank of England average exchange rates 2024-25
A12: S22 | B12: ONS CPI Inflation 2024-25
A13: Skift | B13: Skift Megatrends 2024 — Creator-influenced travel $1.3T by 2027
A14: Expedia | B14: Expedia Group Path-to-Purchase 2023 — Social discovery rates
